stem,channel_num
XF0080012B1001_306,7
XF0110001C2059_57,7
XF0250001A2043_25,7
XF0350001A2032_190,7
XF0350001A2032_302,7
XF0350007B1001_203,7
XF0350007B1001_337,7
XF0440006B1001_151,7
XF0500046B1001_338,6
XF0500046B1001_344,7
XF0530001A2055_27,7
XF0530001A2055_7,6
XF0530001A2055_73,7
XF0530001D3055_36,7
XF0530001D3055_58,7
XF1070012B2001_238,7
XF1110016B2003_111,7
XF1110016B2003_112,7
XF1110016B2003_113,7
XF1110016B2003_114,7
XF1110016B2003_115,7
XF1110016B2003_116,7
XF1110016B2003_117,7
XF1110016B2003_118,7
XF1110016B2003_119,7
XF1110016B2003_120,7
XF1110016B2003_121,7
XF1110016B2003_122,7
XF1110016B2003_123,7
XF1110016B2003_124,7
XF1110016B2003_125,7
XF1110016B2003_127,7
XF1110016B2003_128,7
XF1110016B2003_129,7
XF1110016B2003_130,7
XF1110016B2003_131,7
XF1110016B2003_132,7
XF1110016B2003_133,7
XF1110016B2003_134,7
XF1110016B2003_135,7
XF1110016B2003_136,7
XF1110016B2003_137,7
XF1110016B2003_138,7
XF1110016B2003_139,7
XF1110016B2003_140,7
XF1110016B2003_141,7
XF1110016B2003_142,7
XF1110016B2003_143,7
XF1110016B2003_144,7
XF1110016B2003_145,7
XF1110016B2003_146,7
XF1110016B2003_147,7
XF1110016B2003_148,7
XF1110016B2003_149,7
XF1110016B2003_150,7
XF1110016B2003_151,7
XF1110016B2003_152,7
XF1110016B2003_153,7
XF1110016B2003_154,7
XF1110016B2003_155,7
XF1110016B2003_156,7
XF1110016B2003_157,7
XF1110016B2003_158,7
XF1110016B2003_159,7
XF1110016B2003_160,7
XF1110016B2003_161,7
XF1110016B2003_162,7
XF1110016B2003_163,7
XF1110016B2003_164,7
XF1110016B2003_165,7
XF1110016B2003_166,7
XF1110016B2003_167,7
XF1110016B2003_168,7
XF1110016B2003_169,7
XF1110016B2003_170,7
XF1110016B2003_171,7
XF1110016B2003_172,7
XF1110016B2003_173,7
XF1110016B2003_174,7
XF1110016B2003_175,7
XF1110016B2003_176,7
XF1110016B2003_177,7
XF1110016B2003_178,7
XF1110016B2003_179,7
XF1110016B2003_180,7
XF1110016B2003_181,7
XF1110016B2003_182,7
XF1110016B2003_183,7
XF1110016B2003_184,7
XF1110016B2003_185,7
XF1110016B2003_186,7
XF1110016B2003_187,7
XF1110016B2003_188,7
XF1110016B2003_189,7
XF1110016B2003_190,7
XF1110016B2003_191,7
XF1110016B2003_192,7
XF1110016B2003_193,7
XF1110016B2003_194,7
XF1110016B2003_195,7
XF1110016B2003_196,7
XF1110016B2003_197,7
XF1110016B2003_198,7
XF1110016B2003_199,7
XF1110016B2003_200,7
XF1110016B2003_201,7
XF1110016B2003_203,7
XF1110016B2003_204,7
XF1110016B2003_205,7
XF1110016B2003_206,7
XF1110016B2003_207,7
XF1110016B2003_208,7
XF1110016B2003_209,7
XF1110016B2003_210,7
XF1110016B2003_211,7
XF1110016B2003_212,7
XF1110016B2003_213,7
XF1110016B2003_214,7
XF1110016B2003_215,7
XF1110016B2003_216,7
XF1110016B2003_217,7
XF1110016B2003_218,7
XF1110016B2003_219,7
XF1110016B2003_220,7
XF1110016B2003_221,7
XF1110016B2003_222,7
XF1110016B2003_223,7
XF1110016B2003_224,7
XF1110016B2003_225,7
XF1110016B2003_226,7
XF1110016B2003_227,7
XF1110016B2003_228,7
XF1110016B2003_229,7
XF1110016B2003_230,7
XF1110016B2003_231,7
XF1110016B2003_232,7
XF1110016B2003_233,7
XF1110016B2003_234,7
XF1110016B2003_235,7
XF1110016B2003_236,7
XF1110016B2003_237,7
XF1110016B2003_238,7
XF1110016B2003_239,7
XF1110016B2003_240,7
XF1110016B2003_241,7
XF1110016B2003_242,7
XF1110016B2003_243,7
XF1110016B2003_244,7
XF1110016B2003_245,7
XF1110016B2003_246,7
XF1110016B2003_247,7
XF1110016B2003_248,7
XF1110016B2003_249,7
XF1110016B2003_250,7
XF1110016B2003_251,7
XF1110016B2003_252,7
XF1110016B2003_253,7
XF1110016B2003_254,7
XF1110016B2003_255,7
XF1110016B2003_256,7
XF1110016B2003_257,7
XF1110016B2003_258,7
XF1110016B2003_259,7
XF1110016B2003_260,7
XF1110016B2003_261,7
XF1110016B2003_262,7
XF1110016B2003_263,7
XF1110016B2003_264,7
XF1110016B2003_265,7
XF1110016B2003_266,7
XF1110016B2003_267,7
XF1110016B2003_268,7
XF1110016B2003_269,7
XF1110016B2003_270,7
XF1110016B2003_271,7
XF1110016B2003_272,7
XF1110016B2003_273,7
XF1110016B2003_274,7
XF1110016B2003_275,7
XF1110016B2003_276,7
XF1110016B2003_277,7
XF1110016B2003_278,7
XF1110016B2003_279,7
XF1110016B2003_280,7
XF1110016B2003_281,7
XF1110016B2003_282,7
XF1110016B2003_283,7
XF1110016B2003_284,7
XF1110016B2003_285,7
XF1110016B2003_286,7
XF1110016B2003_287,7
XF1110016B2003_288,7
XF1110016B2003_289,7
XF1110016B2003_290,7
XF1110016B2003_291,7
XF1110016B2003_292,7
XF1110016B2003_293,7
XF1110016B2003_294,7
XF1110016B2003_295,7
XF1110016B2003_296,7
XF1110016B2003_297,7
XF1110016B2003_298,7
XF1110016B2003_299,7
XF1110016B2003_300,7
XF1110016B2003_301,7
XF1110016B2003_302,7
XF1110016B2003_303,7
XF1110016B2003_304,7
XF1110016B2003_305,7
XF1110016B2003_306,7
XF1110016B2003_307,7
XF1110016B2003_308,7
XF1110016B2003_309,7
XF1110016B2003_310,7
XF1110016B2003_311,7
XF1110016B2003_312,7
XF1110016B2003_313,7
XF1110016B2003_314,7
XF1110016B2003_315,7
XF1110016B2003_316,7
XF1110016B2003_317,7
XF1110016B2003_318,7
XF1110016B2003_319,7
XF1110016B2003_320,7
XF1110016B2003_321,7
XF1110016B2003_322,7
XF1110016B2003_323,7
XF1110016B2003_324,7
XF1110016B2003_325,7
XF1110016B2003_326,7
XF1110016B2003_327,7
XF1110016B2003_328,7
XF1110016B2003_329,7
XF1110016B2003_330,7
XF1110016B2003_331,7
XF1110016B2003_332,7
XF1110016B2003_333,7
XF1110016B2003_334,7
XF1110016B2003_335,7
XF1110016B2003_336,7
XF1110016B2003_337,7
XF1110016B2003_338,7
XF1110016B2003_339,7
XF1110016B2003_340,7
XF1110016B2003_341,7
XF1110016B2003_342,7
XF1110016B2003_343,7
XF1110016B2003_344,7
XF1110016B2003_345,7
XF1110016B2003_346,7
XF1110016B2003_347,7
XF1110016B2003_348,7
XF1110016B2003_349,7
XF1110016B2003_350,7
XF1110016B2003_351,7
XF1110016B2003_352,7
XF1110016B2003_353,7
XF1110016B2003_354,7
XF1110016B2003_355,7
XF1110016B2003_356,7
XF1110016B2003_357,7
XF1110016B2003_358,7
XF1110016B2003_359,7
XF1110016B2003_360,7
XF1110016B2003_361,7
XF1110016B2003_362,7
XF1110016B2003_363,7
XF1110016B2003_364,7
XF1110016B2003_365,7
XF1110016B2003_366,7
XF1110016B2003_367,7
XF1110016B2003_368,7
XF1110016B2003_369,7
XF1110016B2003_370,7
XF1110016B2003_371,7
XF1110016B2003_372,7
XF1110016B2003_373,7
XF1110016B2003_374,7
XF1110016B2003_375,7
XF1110016B2003_376,7
XF1110016B2003_377,7
XF1110016B2003_378,7
XF1110016B2003_379,7
XF1110016B2003_380,7
XF1110016B2003_381,7
XF1110016B2003_382,7
XF1110016B2003_383,7
XF1110016B2003_384,7
XF1110016B2003_385,7
XF1110016B2003_386,7
XF1110016B2003_387,7
XF1110016B2003_388,7
XF1110016B2003_389,7
XF1110016B2003_390,7
XF1110016B2003_391,7
XF1110016B2003_392,7
XF1110016B2003_393,7
XF1110016B2003_394,7
XF1110016B2003_395,7
XF1110016B2003_396,7
XF1110016B2003_397,7
XF1170001A2129_1,7
XF1170001A2129_10,7
XF1170001A2129_100,7
XF1170001A2129_101,7
XF1170001A2129_102,7
XF1170001A2129_103,7
XF1170001A2129_104,7
XF1170001A2129_105,7
XF1170001A2129_106,7
XF1170001A2129_107,7
XF1170001A2129_108,7
XF1170001A2129_109,7
XF1170001A2129_11,7
XF1170001A2129_110,7
XF1170001A2129_111,7
XF1170001A2129_112,7
XF1170001A2129_113,7
XF1170001A2129_114,7
XF1170001A2129_115,7
XF1170001A2129_116,7
XF1170001A2129_117,7
XF1170001A2129_118,7
XF1170001A2129_119,7
XF1170001A2129_12,7
XF1170001A2129_120,7
XF1170001A2129_121,7
XF1170001A2129_122,7
XF1170001A2129_123,7
XF1170001A2129_124,7
XF1170001A2129_125,7
XF1170001A2129_126,7
XF1170001A2129_127,7
XF1170001A2129_128,7
XF1170001A2129_129,7
XF1170001A2129_13,7
XF1170001A2129_130,7
XF1170001A2129_131,7
XF1170001A2129_132,7
XF1170001A2129_133,7
XF1170001A2129_134,7
XF1170001A2129_135,7
XF1170001A2129_136,7
XF1170001A2129_137,7
XF1170001A2129_138,7
XF1170001A2129_139,7
XF1170001A2129_14,7
XF1170001A2129_140,7
XF1170001A2129_141,7
XF1170001A2129_142,7
XF1170001A2129_143,7
XF1170001A2129_144,7
XF1170001A2129_145,7
XF1170001A2129_146,7
XF1170001A2129_147,7
XF1170001A2129_148,7
XF1170001A2129_149,7
XF1170001A2129_15,7
XF1170001A2129_150,7
XF1170001A2129_151,7
XF1170001A2129_152,7
XF1170001A2129_153,7
XF1170001A2129_154,7
XF1170001A2129_155,7
XF1170001A2129_156,7
XF1170001A2129_157,7
XF1170001A2129_158,7
XF1170001A2129_159,7
XF1170001A2129_16,7
XF1170001A2129_160,7
XF1170001A2129_161,7
XF1170001A2129_162,7
XF1170001A2129_163,7
XF1170001A2129_164,7
XF1170001A2129_165,7
XF1170001A2129_166,7
XF1170001A2129_167,7
XF1170001A2129_168,7
XF1170001A2129_169,7
XF1170001A2129_17,7
XF1170001A2129_170,7
XF1170001A2129_171,7
XF1170001A2129_172,7
XF1170001A2129_173,7
XF1170001A2129_174,7
XF1170001A2129_175,7
XF1170001A2129_176,7
XF1170001A2129_177,7
XF1170001A2129_178,7
XF1170001A2129_179,7
XF1170001A2129_18,7
XF1170001A2129_180,7
XF1170001A2129_181,7
XF1170001A2129_182,7
XF1170001A2129_183,7
XF1170001A2129_184,7
XF1170001A2129_185,7
XF1170001A2129_186,7
XF1170001A2129_187,7
XF1170001A2129_188,7
XF1170001A2129_189,7
XF1170001A2129_19,7
XF1170001A2129_190,7
XF1170001A2129_191,7
XF1170001A2129_192,7
XF1170001A2129_193,7
XF1170001A2129_194,7
XF1170001A2129_195,7
XF1170001A2129_196,7
XF1170001A2129_197,7
XF1170001A2129_198,7
XF1170001A2129_199,7
XF1170001A2129_2,7
XF1170001A2129_20,7
XF1170001A2129_200,7
XF1170001A2129_201,7
XF1170001A2129_202,7
XF1170001A2129_203,7
XF1170001A2129_204,7
XF1170001A2129_205,7
XF1170001A2129_206,7
XF1170001A2129_207,7
XF1170001A2129_208,7
XF1170001A2129_21,7
XF1170001A2129_210,7
XF1170001A2129_22,7
XF1170001A2129_23,7
XF1170001A2129_24,7
XF1170001A2129_25,7
XF1170001A2129_26,7
XF1170001A2129_27,7
XF1170001A2129_28,7
XF1170001A2129_29,7
XF1170001A2129_3,7
XF1170001A2129_30,7
XF1170001A2129_31,7
XF1170001A2129_32,7
XF1170001A2129_33,7
XF1170001A2129_34,7
XF1170001A2129_35,7
XF1170001A2129_36,7
XF1170001A2129_37,7
XF1170001A2129_38,7
XF1170001A2129_39,7
XF1170001A2129_4,7
XF1170001A2129_40,7
XF1170001A2129_41,7
XF1170001A2129_42,7
XF1170001A2129_43,7
XF1170001A2129_44,7
XF1170001A2129_45,7
XF1170001A2129_46,7
XF1170001A2129_47,7
XF1170001A2129_48,7
XF1170001A2129_49,7
XF1170001A2129_5,7
XF1170001A2129_50,7
XF1170001A2129_51,7
XF1170001A2129_52,7
XF1170001A2129_53,7
XF1170001A2129_54,7
XF1170001A2129_55,7
XF1170001A2129_56,7
XF1170001A2129_57,7
XF1170001A2129_58,7
XF1170001A2129_59,7
XF1170001A2129_6,7
XF1170001A2129_60,7
XF1170001A2129_61,7
XF1170001A2129_62,7
XF1170001A2129_63,7
XF1170001A2129_64,7
XF1170001A2129_65,7
XF1170001A2129_66,7
XF1170001A2129_67,7
XF1170001A2129_68,7
XF1170001A2129_69,7
XF1170001A2129_7,7
XF1170001A2129_70,7
XF1170001A2129_71,7
XF1170001A2129_72,7
XF1170001A2129_73,7
XF1170001A2129_74,7
XF1170001A2129_75,7
XF1170001A2129_76,7
XF1170001A2129_77,7
XF1170001A2129_78,7
XF1170001A2129_79,7
XF1170001A2129_8,7
XF1170001A2129_80,7
XF1170001A2129_81,7
XF1170001A2129_82,7
XF1170001A2129_83,7
XF1170001A2129_84,7
XF1170001A2129_85,7
XF1170001A2129_86,7
XF1170001A2129_87,7
XF1170001A2129_88,7
XF1170001A2129_89,7
XF1170001A2129_9,7
XF1170001A2129_90,7
XF1170001A2129_91,7
XF1170001A2129_92,7
XF1170001A2129_93,7
XF1170001A2129_94,7
XF1170001A2129_95,7
XF1170001A2129_96,7
XF1170001A2129_97,7
XF1170001A2129_98,7
XF1170001A2129_99,7
XF1170001D3129_1,7
XF1170001D3129_10,7
XF1170001D3129_11,7
XF1170001D3129_12,7
XF1170001D3129_13,7
XF1170001D3129_14,7
XF1170001D3129_15,7
XF1170001D3129_16,7
XF1170001D3129_17,7
XF1170001D3129_18,7
XF1170001D3129_19,7
XF1170001D3129_2,7
XF1170001D3129_20,7
XF1170001D3129_21,7
XF1170001D3129_22,7
XF1170001D3129_23,7
XF1170001D3129_24,7
XF1170001D3129_25,7
XF1170001D3129_26,7
XF1170001D3129_27,7
XF1170001D3129_28,7
XF1170001D3129_29,7
XF1170001D3129_3,7
XF1170001D3129_30,7
XF1170001D3129_31,7
XF1170001D3129_32,7
XF1170001D3129_33,7
XF1170001D3129_34,7
XF1170001D3129_35,7
XF1170001D3129_36,7
XF1170001D3129_37,7
XF1170001D3129_38,7
XF1170001D3129_39,7
XF1170001D3129_4,7
XF1170001D3129_40,7
XF1170001D3129_41,7
XF1170001D3129_42,7
XF1170001D3129_43,7
XF1170001D3129_44,7
XF1170001D3129_45,7
XF1170001D3129_46,7
XF1170001D3129_47,7
XF1170001D3129_48,7
XF1170001D3129_49,7
XF1170001D3129_5,7
XF1170001D3129_50,7
XF1170001D3129_51,7
XF1170001D3129_52,7
XF1170001D3129_53,7
XF1170001D3129_54,7
XF1170001D3129_55,7
XF1170001D3129_56,7
XF1170001D3129_57,7
XF1170001D3129_58,7
XF1170001D3129_59,7
XF1170001D3129_6,7
XF1170001D3129_60,7
XF1170001D3129_61,7
XF1170001D3129_62,7
XF1170001D3129_63,7
XF1170001D3129_64,7
XF1170001D3129_65,7
XF1170001D3129_66,7
XF1170001D3129_67,7
XF1170001D3129_68,7
XF1170001D3129_69,7
XF1170001D3129_7,7
XF1170001D3129_70,7
XF1170001D3129_71,7
XF1170001D3129_72,7
XF1170001D3129_73,7
XF1170001D3129_74,7
XF1170001D3129_75,7
XF1170001D3129_76,7
XF1170001D3129_77,7
XF1170001D3129_78,7
XF1170001D3129_79,7
XF1170001D3129_8,7
XF1170001D3129_80,7
XF1170001D3129_81,7
XF1170001D3129_82,7
XF1170001D3129_83,7
XF1170001D3129_9,7
XF1170003B2003_231,7
XF1170003B2003_232,7
XF1170003B2003_233,7
XF1170003B2003_234,7
XF1170003B2003_235,7
XF1170003B2003_236,7
XF1170003B2003_237,7
XF1170003B2003_238,7
XF1170003B2003_239,7
XF1170003B2003_240,7
XF1170003B2003_241,7
XF1170003B2003_242,7
XF1170003B2003_243,7
XF1170003B2003_244,7
XF1170003B2003_245,7
XF1170003B2003_246,7
XF1170003B2003_247,7
XF1170003B2003_248,7
XF1170003B2003_249,7
XF1170003B2003_250,7
XF1170003B2003_251,7
XF1170003B2003_252,7
XF1170003B2003_253,7
XF1170003B2003_254,7
XF1170003B2003_255,7
XF1170003B2003_256,7
XF1170003B2003_257,7
XF1170003B2003_258,7
XF1170003B2003_259,7
XF1170003B2003_260,7
XF1170003B2003_261,7
XF1170003B2003_262,7
XF1170003B2003_263,7
XF1170003B2003_264,7
XF1170003B2003_265,7
XF1170003B2003_266,7
XF1170003B2003_267,7
XF1170003B2003_268,7
XF1170003B2003_269,7
XF1170003B2003_270,7
XF1170003B2003_271,7
XF1170003B2003_272,7
XF1170003B2003_273,7
XF1170003B2003_274,7
XF1170003B2003_275,7
XF1170003B2003_276,7
XF1170003B2003_277,7
XF1170003B2003_278,7
XF1170003B2003_279,7
XF1170003B2003_280,7
XF1170003B2003_281,7
XF1170003B2003_282,7
XF1170003B2003_283,7
XF1170003B2003_284,7
XF1170003B2003_285,7
XF1170003B2003_286,7
XF1170003B2003_287,7
XF1170003B2003_288,7
XF1170003B2003_289,7
XF1170003B2003_290,7
XF1170003B2003_291,7
XF1170003B2003_292,7
XF1170003B2003_293,7
XF1170003B2003_294,7
XF1170003B2003_295,7
XF1170003B2003_296,7
XF1170003B2003_297,7
XF1170003B2003_298,7
XF1170003B2003_299,7
XF1170003B2003_300,7
XF1170003B2003_301,7
XF1170003B2003_302,7
XF1170003B2003_303,7
XF1170003B2003_304,7
XF1170003B2003_305,7
XF1170003B2003_306,7
XF1170003B2003_307,7
XF1170003B2003_308,7
XF1170003B2003_309,7
XF1170003B2003_310,7
XF1170003B2003_311,7
XF1170003B2003_312,7
XF1170003B2003_313,7
XF1170003B2003_314,7
XF1170003B2003_315,7
XF1170003B2003_316,7
XF1170003B2003_317,7
XF1170003B2003_318,7
XF1170003B2003_319,7
XF1170003B2003_320,7
XF1170003B2003_321,7
XF1170003B2003_322,7
XF1170003B2003_323,7
XF1170003B2003_324,7
XF1170003B2003_325,7
XF1170003B2003_326,7
XF1170003B2003_327,7
XF1170003B2003_328,7
XF1170003B2003_329,7
XF1170003B2003_330,7
XF1170003B2003_331,7
XF1170003B2003_332,7
XF1170003B2003_333,7
XF1170003B2003_334,7
XF1170003B2003_335,7
XF1170003B2003_336,7
XF1170003B2003_337,7
XF1170003B2003_338,7
XF1170003B2003_339,7
XF1170003B2003_340,7
XF1170003B2003_341,7
XF1170003B2003_342,7
XF1170003B2003_343,7
XF1170003B2003_344,7
XF1170003B2003_345,7
XF1170003B2003_346,7
XF1170003B2003_347,7
XF1170003B2003_348,7
XF1170003B2003_349,7
XF1170003B2003_350,7
XF1170003B2003_351,7
XF1170003B2003_352,7
XF1170003B2003_353,7
XF1170003B2003_354,7
XF1170003B2003_355,7
XF1170003B2003_356,7
XF1170003B2003_357,7
XF1170003B2003_358,7
XF1170003B2003_359,7
XF1170003B2003_360,7
XF1270001A2162_3,7
XF1270001A2162_39,7
XF1270001A2162_78,7
XF1310001A2109_1,7
XF1310001A2109_10,7
XF1310001A2109_100,7
XF1310001A2109_101,7
XF1310001A2109_102,7
XF1310001A2109_103,7
XF1310001A2109_104,7
XF1310001A2109_105,7
XF1310001A2109_106,7
XF1310001A2109_107,7
XF1310001A2109_108,7
XF1310001A2109_109,7
XF1310001A2109_11,7
XF1310001A2109_110,7
XF1310001A2109_111,7
XF1310001A2109_112,7
XF1310001A2109_113,7
XF1310001A2109_114,7
XF1310001A2109_115,7
XF1310001A2109_116,7
XF1310001A2109_117,7
XF1310001A2109_118,7
XF1310001A2109_119,7
XF1310001A2109_12,7
XF1310001A2109_120,7
XF1310001A2109_121,7
XF1310001A2109_122,7
XF1310001A2109_123,7
XF1310001A2109_124,7
XF1310001A2109_125,7
XF1310001A2109_126,7
XF1310001A2109_127,7
XF1310001A2109_128,7
XF1310001A2109_129,7
XF1310001A2109_13,7
XF1310001A2109_130,7
XF1310001A2109_131,7
XF1310001A2109_132,7
XF1310001A2109_133,7
XF1310001A2109_134,7
XF1310001A2109_135,7
XF1310001A2109_136,7
XF1310001A2109_137,7
XF1310001A2109_138,7
XF1310001A2109_139,7
XF1310001A2109_14,7
XF1310001A2109_140,7
XF1310001A2109_141,7
XF1310001A2109_142,7
XF1310001A2109_143,7
XF1310001A2109_144,7
XF1310001A2109_145,7
XF1310001A2109_146,7
XF1310001A2109_147,7
XF1310001A2109_148,7
XF1310001A2109_149,7
XF1310001A2109_15,7
XF1310001A2109_151,7
XF1310001A2109_152,7
XF1310001A2109_153,7
XF1310001A2109_154,7
XF1310001A2109_155,7
XF1310001A2109_156,7
XF1310001A2109_157,7
XF1310001A2109_158,7
XF1310001A2109_159,7
XF1310001A2109_16,7
XF1310001A2109_160,7
XF1310001A2109_161,7
XF1310001A2109_162,7
XF1310001A2109_163,7
XF1310001A2109_164,7
XF1310001A2109_165,7
XF1310001A2109_166,7
XF1310001A2109_167,7
XF1310001A2109_168,7
XF1310001A2109_169,7
XF1310001A2109_17,7
XF1310001A2109_170,7
XF1310001A2109_171,7
XF1310001A2109_172,7
XF1310001A2109_173,7
XF1310001A2109_174,7
XF1310001A2109_175,7
XF1310001A2109_176,7
XF1310001A2109_177,7
XF1310001A2109_178,7
XF1310001A2109_179,7
XF1310001A2109_18,7
XF1310001A2109_180,7
XF1310001A2109_181,7
XF1310001A2109_182,7
XF1310001A2109_183,7
XF1310001A2109_184,7
XF1310001A2109_185,7
XF1310001A2109_186,7
XF1310001A2109_187,7
XF1310001A2109_188,7
XF1310001A2109_189,7
XF1310001A2109_19,7
XF1310001A2109_190,7
XF1310001A2109_191,7
XF1310001A2109_192,7
XF1310001A2109_193,7
XF1310001A2109_194,7
XF1310001A2109_195,7
XF1310001A2109_196,7
XF1310001A2109_197,7
XF1310001A2109_198,7
XF1310001A2109_199,7
XF1310001A2109_2,7
XF1310001A2109_20,7
XF1310001A2109_200,7
XF1310001A2109_201,7
XF1310001A2109_202,7
XF1310001A2109_203,7
XF1310001A2109_204,7
XF1310001A2109_205,7
XF1310001A2109_206,7
XF1310001A2109_207,7
XF1310001A2109_208,7
XF1310001A2109_209,7
XF1310001A2109_21,7
XF1310001A2109_210,7
XF1310001A2109_211,7
XF1310001A2109_212,7
XF1310001A2109_213,7
XF1310001A2109_214,7
XF1310001A2109_215,7
XF1310001A2109_216,7
XF1310001A2109_217,7
XF1310001A2109_218,7
XF1310001A2109_219,7
XF1310001A2109_22,7
XF1310001A2109_220,7
XF1310001A2109_23,7
XF1310001A2109_24,7
XF1310001A2109_25,7
XF1310001A2109_26,7
XF1310001A2109_27,7
XF1310001A2109_28,7
XF1310001A2109_29,7
XF1310001A2109_3,7
XF1310001A2109_30,7
XF1310001A2109_31,7
XF1310001A2109_32,7
XF1310001A2109_33,7
XF1310001A2109_34,7
XF1310001A2109_35,7
XF1310001A2109_36,7
XF1310001A2109_37,7
XF1310001A2109_38,7
XF1310001A2109_39,7
XF1310001A2109_4,7
XF1310001A2109_40,7
XF1310001A2109_41,7
XF1310001A2109_42,7
XF1310001A2109_43,7
XF1310001A2109_44,7
XF1310001A2109_45,7
XF1310001A2109_46,7
XF1310001A2109_47,7
XF1310001A2109_48,7
XF1310001A2109_49,7
XF1310001A2109_5,7
XF1310001A2109_50,7
XF1310001A2109_51,7
XF1310001A2109_52,7
XF1310001A2109_53,7
XF1310001A2109_54,7
XF1310001A2109_55,7
XF1310001A2109_56,7
XF1310001A2109_57,7
XF1310001A2109_58,7
XF1310001A2109_59,7
XF1310001A2109_6,7
XF1310001A2109_60,7
XF1310001A2109_61,7
XF1310001A2109_62,7
XF1310001A2109_63,7
XF1310001A2109_64,7
XF1310001A2109_65,7
XF1310001A2109_66,7
XF1310001A2109_67,7
XF1310001A2109_68,7
XF1310001A2109_69,7
XF1310001A2109_7,7
XF1310001A2109_70,7
XF1310001A2109_71,7
XF1310001A2109_72,7
XF1310001A2109_73,7
XF1310001A2109_74,7
XF1310001A2109_75,7
XF1310001A2109_76,7
XF1310001A2109_77,7
XF1310001A2109_78,7
XF1310001A2109_79,7
XF1310001A2109_8,7
XF1310001A2109_80,7
XF1310001A2109_81,7
XF1310001A2109_82,7
XF1310001A2109_83,7
XF1310001A2109_84,7
XF1310001A2109_85,7
XF1310001A2109_86,7
XF1310001A2109_87,7
XF1310001A2109_88,7
XF1310001A2109_89,7
XF1310001A2109_9,7
XF1310001A2109_90,7
XF1310001A2109_91,7
XF1310001A2109_92,7
XF1310001A2109_93,7
XF1310001A2109_94,7
XF1310001A2109_95,7
XF1310001A2109_96,7
XF1310001A2109_97,7
XF1310001A2109_98,7
XF1310001A2109_99,7
XF1310001B2001_219,7
XF1310001D3109_1,7
XF1310001D3109_10,7
XF1310001D3109_11,7
XF1310001D3109_12,7
XF1310001D3109_13,7
XF1310001D3109_14,7
XF1310001D3109_15,7
XF1310001D3109_16,7
XF1310001D3109_17,7
XF1310001D3109_18,7
XF1310001D3109_19,7
XF1310001D3109_2,7
XF1310001D3109_20,7
XF1310001D3109_21,7
XF1310001D3109_22,7
XF1310001D3109_23,7
XF1310001D3109_24,7
XF1310001D3109_25,7
XF1310001D3109_26,7
XF1310001D3109_27,7
XF1310001D3109_28,7
XF1310001D3109_29,7
XF1310001D3109_3,7
XF1310001D3109_30,7
XF1310001D3109_31,7
XF1310001D3109_32,7
XF1310001D3109_33,7
XF1310001D3109_34,7
XF1310001D3109_35,7
XF1310001D3109_36,7
XF1310001D3109_37,7
XF1310001D3109_38,7
XF1310001D3109_39,7
XF1310001D3109_4,7
XF1310001D3109_40,7
XF1310001D3109_41,7
XF1310001D3109_42,7
XF1310001D3109_43,7
XF1310001D3109_44,7
XF1310001D3109_45,7
XF1310001D3109_46,7
XF1310001D3109_47,7
XF1310001D3109_48,7
XF1310001D3109_49,7
XF1310001D3109_5,7
XF1310001D3109_50,7
XF1310001D3109_51,7
XF1310001D3109_52,7
XF1310001D3109_53,7
XF1310001D3109_54,7
XF1310001D3109_55,7
XF1310001D3109_56,7
XF1310001D3109_57,7
XF1310001D3109_58,7
XF1310001D3109_59,7
XF1310001D3109_6,7
XF1310001D3109_60,7
XF1310001D3109_61,7
XF1310001D3109_62,7
XF1310001D3109_63,7
XF1310001D3109_64,7
XF1310001D3109_65,7
XF1310001D3109_66,7
XF1310001D3109_67,7
XF1310001D3109_68,7
XF1310001D3109_69,7
XF1310001D3109_7,7
XF1310001D3109_70,7
XF1310001D3109_71,7
XF1310001D3109_8,7
XF1310001D3109_9,7
XF1310011B2001_185,7
XF1310011B2001_222,7
XF1310011B2001_223,7
XF1310011B2001_224,7
XF1310011B2001_225,7
XF1310011B2001_226,7
XF1310011B2001_227,7
XF1310011B2001_228,7
XF1310011B2001_229,7
XF1310011B2001_230,7
XF1310011B2001_231,7
XF1310011B2001_232,7
XF1310011B2001_233,7
XF1310011B2001_234,7
XF1310011B2001_235,7
XF1310011B2001_236,7
XF1310011B2001_237,7
XF1310011B2001_238,7
XF1310011B2001_239,7
XF1310011B2001_240,7
XF1310011B2001_241,7
XF1310011B2001_242,7
XF1310011B2001_243,7
XF1310011B2001_244,7
XF1310011B2001_245,7
XF1310011B2001_246,7
XF1310011B2001_247,7
XF1310011B2001_248,7
XF1310011B2001_249,7
XF1310011B2001_250,7
XF1310011B2001_251,7
XF1310011B2001_252,7
XF1310011B2001_253,7
XF1310011B2001_254,7
XF1310011B2001_255,7
XF1310011B2001_256,7
XF1310011B2001_257,7
XF1310011B2001_258,7
XF1310011B2001_259,7
XF1310011B2001_260,7
XF1310011B2001_261,7
XF1310011B2001_262,7
XF1310011B2001_263,7
XF1310011B2001_264,7
XF1310011B2001_265,7
XF1310011B2001_266,7
XF1310011B2001_267,7
XF1310011B2001_268,7
XF1310011B2001_269,7
XF1310011B2001_270,7
XF1310011B2001_271,7
XF1310011B2001_272,7
XF1310011B2001_273,7
XF1310011B2001_274,7
XF1310011B2001_275,7
XF1310011B2001_276,7
XF1310011B2001_277,7
XF1310011B2001_278,7
XF1310011B2001_279,7
XF1310011B2001_280,7
XF1310011B2001_281,7
XF1310011B2001_282,7
XF1310011B2001_283,7
XF1310011B2001_284,7
XF1310011B2001_285,7
XF1310011B2001_286,7
XF1310011B2001_287,7
XF1310011B2001_288,7
XF1310011B2001_289,7
XF1310011B2001_290,7
XF1310011B2001_291,7
XF1310011B2001_292,7
XF1310011B2001_293,7
XF1310011B2001_294,7
XF1310011B2001_295,7
XF1310011B2001_296,7
XF1310011B2001_297,7
XF1310011B2001_298,7
XF1310011B2001_299,7
XF1310011B2001_300,7
XF1310011B2001_301,7
XF1310011B2001_302,7
XF1310011B2001_303,7
XF1310011B2001_304,7
XF1310011B2001_305,7
XF1310011B2001_306,7
XF1310011B2001_307,7
XF1310011B2001_308,7
XF1310011B2001_309,7
XF1310011B2001_310,7
XF1310011B2001_311,7
XF1310011B2001_312,7
XF1310011B2001_313,7
XF1310011B2001_314,7
XF1310011B2001_315,7
XF1310011B2001_316,7
XF1310011B2001_317,7
XF1310011B2001_318,7
XF1310011B2001_319,7
XF1310011B2001_320,7
XF1310011B2001_321,7
XF1310011B2001_322,7
XF1310011B2001_323,7
XF1310011B2001_324,7
XF1310011B2001_325,7
XF1310011B2001_326,7
XF1310011B2001_327,7
XF1310011B2001_328,7
XF1310011B2001_329,7
XF1310011B2001_330,7
XF1310011B2001_331,7
XF1310011B2001_332,7
XF1310011B2001_333,7
XF1310011B2001_334,7
XF1310011B2001_335,7
XF1310011B2001_336,7
XF1310011B2001_337,7
XF1310011B2001_338,7
XF1310011B2001_339,7
XF1310011B2001_340,7
XF1310011B2001_341,7
XF1310011B2001_342,7
XF1310011B2001_343,7
XF1310011B2001_344,7
XF1310011B2001_345,7
XF1310011B2001_346,7
XF1310011B2001_347,7
XF1310011B2001_348,7
XF1310011B2001_349,7
XF1310011B2001_350,7
XF1310011B2001_351,7
XF1310011B2001_352,7
XF1310011B2001_353,7
XF1310011B2001_354,7
XF1310011B2001_355,7
XF1310011B2001_356,7
XF1310011B2001_357,7
XF1310011B2001_358,7
XF1310011B2001_359,7
XF1310011B2001_360,7
XF1310011B2001_361,7
XF1310011B2001_362,7
XF1310011B2001_363,7
XF1310011B2001_364,7
XF1310011B2001_365,7
XF1310011B2001_366,7
XF1310011B2001_367,7
XF1310011B2001_368,7
XF1310011B2001_369,7
XF1310011B2001_370,7
XF1310011B2001_371,7
XF1310011B2001_372,7
XF1310011B2001_373,7
XF1310011B2001_374,7
XF1310011B2001_375,7
XF1310011B2001_376,7
XF1310011B2001_377,7
XF1310011B2001_378,7
XF1310011B2001_379,7
XF1320001C2171_1,7
XF1320001C2171_2,7
XF1320001C2171_21,7
XF1320001C2171_22,7
XF1320001C2171_23,7
XF1320001C2171_24,7
XF1320001C2171_25,7
XF1320001C2171_26,7
XF1320001C2171_27,7
XF1320001C2171_28,7
XF1320001C2171_29,7
XF1320001C2171_30,7
XF1320001C2171_31,7
XF1320001C2171_32,7
XF1320001C2171_33,7
XF1320001C2171_34,7
XF1320001C2171_35,7
XF1320001C2171_36,7
XF1320001C2171_37,7
XF1320001C2171_38,7
XF1320001C2171_39,7
XF1320001C2171_40,7
XF1320001C2171_41,7
XF1320001C2171_42,7
XF1320001C2171_43,7
XF1320001C2171_44,7
XF1320001C2171_45,7
XF1320001C2171_46,7
XF1320001C2171_47,7
XF1320001C2171_48,7
XF1320001C2171_49,7
XF1320001C2171_50,7
XF1320001C2171_51,7
XF1320001C2171_52,7
XF1320001C2171_53,7
XF1320001C2171_54,7
XF1320001C2171_55,7
XF1320001C2171_56,7
XF1320001C2171_57,7
XF1320001C2171_58,7
XF1320001C2171_59,7
XF1320001C2171_60,7
XF1320001C2171_61,7
XF1320001C2171_62,7
XF1320001C2171_63,7
XF1320001C2171_64,7
XF1320001C2171_65,7
XF1320001C2171_66,7
XF1320001C2171_67,7
XF1320001C2171_68,7
XF1320001C2171_69,7
XF1320001C2171_70,7
XF1320001C2171_71,7
XF1320001C2171_72,7
XF1320001C2171_73,7
XF1320001C2171_74,7
XF1320001C2171_75,7
XF1320001C2171_76,7
XF1320001C2171_77,7
XF1320001C2171_78,7
XF1320001C2171_79,7
XF1320001C2171_80,7
XF1320001C2171_81,7
XF1320001C2171_82,7
XF1320001C2171_83,7
XF1320001C2171_84,7
XF1320001C2171_85,7
XF1320001C2171_86,7
XF1320001C2171_87,7
XF1320001C2171_88,7
XF1320001C2171_89,7
XF1320001C2171_90,7
XF1320022B2004_1,7
XF1320022B2004_10,7
XF1320022B2004_100,7
XF1320022B2004_101,7
XF1320022B2004_102,7
XF1320022B2004_103,7
XF1320022B2004_104,7
XF1320022B2004_105,7
XF1320022B2004_106,7
XF1320022B2004_107,7
XF1320022B2004_108,7
XF1320022B2004_109,7
XF1320022B2004_11,7
XF1320022B2004_110,7
XF1320022B2004_111,7
XF1320022B2004_112,7
XF1320022B2004_113,7
XF1320022B2004_114,7
XF1320022B2004_115,7
XF1320022B2004_116,7
XF1320022B2004_117,7
XF1320022B2004_118,7
XF1320022B2004_119,7
XF1320022B2004_12,7
XF1320022B2004_120,7
XF1320022B2004_121,7
XF1320022B2004_122,7
XF1320022B2004_123,7
XF1320022B2004_124,7
XF1320022B2004_125,7
XF1320022B2004_126,7
XF1320022B2004_127,7
XF1320022B2004_128,7
XF1320022B2004_129,7
XF1320022B2004_13,7
XF1320022B2004_130,7
XF1320022B2004_131,7
XF1320022B2004_132,7
XF1320022B2004_133,7
XF1320022B2004_134,7
XF1320022B2004_135,7
XF1320022B2004_136,7
XF1320022B2004_137,7
XF1320022B2004_138,7
XF1320022B2004_139,7
XF1320022B2004_14,7
XF1320022B2004_140,7
XF1320022B2004_141,7
XF1320022B2004_142,7
XF1320022B2004_143,7
XF1320022B2004_144,7
XF1320022B2004_145,7
XF1320022B2004_146,7
XF1320022B2004_147,7
XF1320022B2004_148,7
XF1320022B2004_149,7
XF1320022B2004_15,7
XF1320022B2004_150,7
XF1320022B2004_151,7
XF1320022B2004_152,7
XF1320022B2004_153,7
XF1320022B2004_154,7
XF1320022B2004_155,7
XF1320022B2004_156,7
XF1320022B2004_157,7
XF1320022B2004_158,7
XF1320022B2004_159,7
XF1320022B2004_16,7
XF1320022B2004_160,7
XF1320022B2004_161,7
XF1320022B2004_162,7
XF1320022B2004_163,7
XF1320022B2004_164,7
XF1320022B2004_165,7
XF1320022B2004_166,7
XF1320022B2004_167,7
XF1320022B2004_168,7
XF1320022B2004_169,7
XF1320022B2004_17,7
XF1320022B2004_170,7
XF1320022B2004_171,7
XF1320022B2004_172,7
XF1320022B2004_173,7
XF1320022B2004_174,7
XF1320022B2004_175,7
XF1320022B2004_176,7
XF1320022B2004_177,7
XF1320022B2004_178,7
XF1320022B2004_179,7
XF1320022B2004_18,7
XF1320022B2004_180,7
XF1320022B2004_181,7
XF1320022B2004_182,7
XF1320022B2004_183,7
XF1320022B2004_184,7
XF1320022B2004_185,7
XF1320022B2004_186,7
XF1320022B2004_187,7
XF1320022B2004_188,7
XF1320022B2004_189,7
XF1320022B2004_19,7
XF1320022B2004_190,7
XF1320022B2004_191,7
XF1320022B2004_192,7
XF1320022B2004_193,7
XF1320022B2004_194,7
XF1320022B2004_195,7
XF1320022B2004_2,7
XF1320022B2004_20,7
XF1320022B2004_21,7
XF1320022B2004_22,7
XF1320022B2004_23,7
XF1320022B2004_24,7
XF1320022B2004_25,7
XF1320022B2004_26,7
XF1320022B2004_27,7
XF1320022B2004_28,7
XF1320022B2004_29,7
XF1320022B2004_3,7
XF1320022B2004_30,7
XF1320022B2004_31,7
XF1320022B2004_32,7
XF1320022B2004_33,7
XF1320022B2004_34,7
XF1320022B2004_35,7
XF1320022B2004_36,7
XF1320022B2004_37,7
XF1320022B2004_38,7
XF1320022B2004_39,7
XF1320022B2004_4,7
XF1320022B2004_40,7
XF1320022B2004_41,7
XF1320022B2004_42,7
XF1320022B2004_43,7
XF1320022B2004_44,7
XF1320022B2004_45,7
XF1320022B2004_46,7
XF1320022B2004_47,7
XF1320022B2004_48,7
XF1320022B2004_49,7
XF1320022B2004_5,7
XF1320022B2004_50,7
XF1320022B2004_51,7
XF1320022B2004_52,7
XF1320022B2004_53,7
XF1320022B2004_54,7
XF1320022B2004_55,7
XF1320022B2004_56,7
XF1320022B2004_57,7
XF1320022B2004_58,7
XF1320022B2004_59,7
XF1320022B2004_6,7
XF1320022B2004_60,7
XF1320022B2004_61,7
XF1320022B2004_62,7
XF1320022B2004_63,7
XF1320022B2004_64,7
XF1320022B2004_65,7
XF1320022B2004_66,7
XF1320022B2004_67,7
XF1320022B2004_68,7
XF1320022B2004_69,7
XF1320022B2004_7,7
XF1320022B2004_70,7
XF1320022B2004_71,7
XF1320022B2004_72,7
XF1320022B2004_73,7
XF1320022B2004_74,7
XF1320022B2004_75,7
XF1320022B2004_76,7
XF1320022B2004_77,7
XF1320022B2004_78,7
XF1320022B2004_79,7
XF1320022B2004_8,7
XF1320022B2004_80,7
XF1320022B2004_81,7
XF1320022B2004_82,7
XF1320022B2004_83,7
XF1320022B2004_84,7
XF1320022B2004_85,7
XF1320022B2004_86,7
XF1320022B2004_87,7
XF1320022B2004_88,7
XF1320022B2004_89,7
XF1320022B2004_9,7
XF1320022B2004_90,7
XF1320022B2004_91,7
XF1320022B2004_92,7
XF1320022B2004_93,7
XF1320022B2004_94,7
XF1320022B2004_95,7
XF1320022B2004_96,7
XF1320022B2004_97,7
XF1320022B2004_98,7
XF1320022B2004_99,7
XF1350001A2132_7,7
XF1350016B2001_406,6
XF1350016B2001_411,6
XF1350016B2001_423,6
XF1350016B2001_427,7
XF1350016B2001_454,7
XF1350016B2001_466,7
XF1400001A2165_108,7
XF1400001A2165_12,7
XF1400001A2165_137,7
XF1400001A2165_144,7
XF1400001A2165_154,7
XF1400001A2165_16,7
XF1400001A2165_165,6
XF1400001A2165_168,7
XF1400001A2165_2,6
XF1400001A2165_201,7
XF1400001A2165_203,7
XF1400001A2165_29,6
XF1400001A2165_37,6
XF1400001A2165_40,7
XF1400001A2165_7,6
XF1400001A2165_78,6
XF1400001A2165_8,6
XF1400001A2165_9,6
XF1400001D3165_59,6
XF1400026B2004_110,6
XF1400026B2004_116,6
XF1400026B2004_121,7
XF1400026B2004_130,7
XF1400026B2004_18,6
XF1400026B2004_29,6
XF1400026B2004_3,7
XF1400026B2004_31,6
XF1400026B2004_34,6
XF1400026B2004_35,7
XF1400026B2004_36,6
XF1400026B2004_51,6
XF1400026B2004_52,7
XF1400026B2004_53,6
XF1400026B2004_62,7
XF1400026B2004_75,6
XF1410001A2164_138,7
XF1410001A2164_167,7
XF1410001A2164_188,7
XF1410001A2164_189,7
XF1410001A2164_190,7
XF1410001A2164_191,7
XF1410001A2164_40,7
XF1410001A2164_70,7
XF1410001A2164_86,7
XF1410001D3164_1,7
XF1410001D3164_33,7
XF1410001D3164_40,7
XF1410001D3164_62,7
XF1410001D3164_9,7
XF1430001A2139_19,7
XF1430001A2139_20,7
XF1430001A2139_44,6
XF1430001A2139_62,6
XF1430001A2139_63,6
XF1430001A2139_64,6
XF1430001A2139_65,6
XF1430001A2139_66,6
XF1430001A2139_70,6
XF1430001A2139_78,7
XF1430001A2139_81,7
XF1430001A2139_87,6
XF1430001C2150_90,6
XF1430008B2003_108,7
XF1430008B2003_115,7
XF1430008B2003_117,7
XF1430008B2003_132,7
XF1430008B2003_14,6
XF1430008B2003_15,6
XF1430008B2003_168,7
XF1430008B2003_17,7
XF1430008B2003_178,6
XF1430008B2003_18,6
XF1430008B2003_20,7
XF1430008B2003_223,7
XF1430008B2003_25,6
XF1430008B2003_26,7
XF1430008B2003_3,6
XF1430008B2003_32,6
XF1430008B2003_38,7
XF1430008B2003_39,7
XF1430008B2003_52,7
XF1430008B2003_58,7
XF1430008B2003_71,6
XF1430008B2003_77,7
XF1430008B2003_82,7
XF1430008B2003_93,7
XF1430013B2003_333,7
XF1430013B2003_354,7
XF1430013B2003_375,7
XF1430013B2003_378,7
XF1430013B2003_379,7
XF1430013B2003_399,7
XF1430013B2003_428,7
XF1430013B2003_453,7
XF1430013B2003_459,7
XF1430013B2003_463,7
XF1480009B2004_218,7
XF1480009B2004_219,7
XF1480009B2004_220,7
XM0050001A2031_156,7
XM0050001D3031_84,7
XM1060001D3104_17,7
XM1150001D3119_62,7
XM1150001D3119_64,7
XM1150001D3119_65,7
XM1150001D3119_66,7
XM1150001D3119_67,7
XM1150001D3119_68,7
XM1150001D3119_69,7
XM1150001D3119_70,7
XM1150001D3119_72,7
XM1150001D3119_73,7
XM1150001D3119_74,7
XM1150001D3119_75,7
XM1150001D3119_76,7
XM1150003B2001_147,7
XM1150003B2001_148,7
XM1150003B2001_150,7
XM1150003B2001_155,7
XM1150003B2001_156,7
XM1150003B2001_157,7
XM1150003B2001_158,7
XM1150003B2001_159,7
XM1150003B2001_160,7
XM1150003B2001_161,7
XM1150003B2001_162,7
XM1150003B2001_163,7
XM1150003B2001_164,7
XM1150003B2001_165,7
XM1150003B2001_166,7
XM1150003B2001_167,7
XM1150003B2001_168,7
XM1150003B2001_169,7
XM1150003B2001_170,7
XM1150003B2001_172,7
XM1150003B2001_174,7
XM1150003B2001_175,7
XM1150003B2001_178,7
XM1150003B2001_179,7
XM1150003B2001_182,7
XM1150003B2001_186,7
XM1150003B2001_187,7
XM1150003B2001_188,7
XM1150003B2001_190,7
XM1150003B2001_192,7
XM1150003B2001_193,7
XM1150003B2001_212,7
XM1150003B2001_228,7
XM1150003B2001_231,7
XM1150003B2001_233,7
XM1150003B2001_236,7
XM1150003B2001_238,7
XM1150003B2001_250,7
XM1150003B2001_253,7
XM1150003B2001_259,7
XM1150003B2001_265,7
XM1150003B2001_266,7
XM1150003B2001_282,7
XM1150003B2001_283,7
XM1150003B2001_284,7
XM1150003B2001_287,7
XM1150003B2001_289,7
XM1150003B2001_291,7
XM1150003B2001_292,7
XM1150003B2001_297,7
XM1150003B2001_298,7
XM1150003B2001_299,7
XM1150003B2001_300,7
XM1150003B2001_301,7
XM1150003B2001_302,7
XM1150003B2001_303,7
XM1150003B2001_304,7
XM1150003B2001_305,7
XM1150003B2001_307,7
XM1150003B2001_308,7
XM1150003B2001_309,7
XM1150003B2001_310,7
XM1150003B2001_312,7
XM1150003B2001_313,7
XM1150003B2001_315,7
XM1150003B2001_316,7
XM1260001C2165_73,7
XM1260001C2165_74,7
XM1260001C2165_75,7
XM1260001C2165_76,7
XM1260001C2165_77,7
XM1260001C2165_78,7
XM1260001C2165_79,7
XM1260001C2165_80,7
XM1260001C2165_81,7
XM1260001C2165_82,7
XM1260001C2165_83,7
XM1260001C2165_84,7
XM1260001C2165_85,7
XM1260001C2165_86,7
XM1260001C2165_87,7
XM1260001C2165_88,7
XM1260001C2165_89,7
XM1260001C2165_90,7
XM1260017B2004_1,7
XM1260017B2004_10,7
XM1260017B2004_100,7
XM1260017B2004_101,7
XM1260017B2004_102,7
XM1260017B2004_103,7
XM1260017B2004_104,7
XM1260017B2004_105,7
XM1260017B2004_106,7
XM1260017B2004_107,7
XM1260017B2004_108,7
XM1260017B2004_109,7
XM1260017B2004_11,7
XM1260017B2004_110,7
XM1260017B2004_111,7
XM1260017B2004_112,7
XM1260017B2004_113,7
XM1260017B2004_114,7
XM1260017B2004_115,7
XM1260017B2004_116,7
XM1260017B2004_117,7
XM1260017B2004_118,7
XM1260017B2004_119,7
XM1260017B2004_12,7
XM1260017B2004_120,7
XM1260017B2004_121,7
XM1260017B2004_122,7
XM1260017B2004_123,7
XM1260017B2004_124,7
XM1260017B2004_125,7
XM1260017B2004_126,7
XM1260017B2004_127,7
XM1260017B2004_128,7
XM1260017B2004_129,7
XM1260017B2004_13,7
XM1260017B2004_130,7
XM1260017B2004_131,7
XM1260017B2004_132,7
XM1260017B2004_133,7
XM1260017B2004_134,7
XM1260017B2004_135,7
XM1260017B2004_136,7
XM1260017B2004_137,7
XM1260017B2004_138,7
XM1260017B2004_139,7
XM1260017B2004_14,7
XM1260017B2004_140,7
XM1260017B2004_141,7
XM1260017B2004_142,7
XM1260017B2004_143,7
XM1260017B2004_144,7
XM1260017B2004_145,7
XM1260017B2004_146,7
XM1260017B2004_147,7
XM1260017B2004_148,7
XM1260017B2004_149,7
XM1260017B2004_15,7
XM1260017B2004_150,7
XM1260017B2004_151,7
XM1260017B2004_152,7
XM1260017B2004_153,7
XM1260017B2004_154,7
XM1260017B2004_155,7
XM1260017B2004_156,7
XM1260017B2004_157,7
XM1260017B2004_158,7
XM1260017B2004_159,7
XM1260017B2004_16,7
XM1260017B2004_160,7
XM1260017B2004_161,7
XM1260017B2004_162,7
XM1260017B2004_163,7
XM1260017B2004_164,7
XM1260017B2004_165,7
XM1260017B2004_166,7
XM1260017B2004_167,7
XM1260017B2004_168,7
XM1260017B2004_169,7
XM1260017B2004_17,7
XM1260017B2004_170,7
XM1260017B2004_171,7
XM1260017B2004_172,7
XM1260017B2004_173,7
XM1260017B2004_174,7
XM1260017B2004_175,7
XM1260017B2004_176,7
XM1260017B2004_177,7
XM1260017B2004_178,7
XM1260017B2004_179,7
XM1260017B2004_18,7
XM1260017B2004_180,7
XM1260017B2004_181,7
XM1260017B2004_182,7
XM1260017B2004_183,7
XM1260017B2004_184,7
XM1260017B2004_185,7
XM1260017B2004_186,7
XM1260017B2004_187,7
XM1260017B2004_188,7
XM1260017B2004_189,7
XM1260017B2004_19,7
XM1260017B2004_190,7
XM1260017B2004_191,7
XM1260017B2004_192,7
XM1260017B2004_193,7
XM1260017B2004_194,7
XM1260017B2004_195,7
XM1260017B2004_196,7
XM1260017B2004_197,7
XM1260017B2004_198,7
XM1260017B2004_199,7
XM1260017B2004_2,7
XM1260017B2004_20,7
XM1260017B2004_200,7
XM1260017B2004_201,7
XM1260017B2004_202,7
XM1260017B2004_203,7
XM1260017B2004_204,7
XM1260017B2004_205,7
XM1260017B2004_206,7
XM1260017B2004_207,7
XM1260017B2004_208,7
XM1260017B2004_209,7
XM1260017B2004_21,7
XM1260017B2004_210,7
XM1260017B2004_211,7
XM1260017B2004_212,7
XM1260017B2004_213,7
XM1260017B2004_214,7
XM1260017B2004_215,7
XM1260017B2004_216,7
XM1260017B2004_217,7
XM1260017B2004_218,7
XM1260017B2004_219,7
XM1260017B2004_22,7
XM1260017B2004_220,7
XM1260017B2004_221,7
XM1260017B2004_23,7
XM1260017B2004_24,7
XM1260017B2004_25,7
XM1260017B2004_26,7
XM1260017B2004_27,7
XM1260017B2004_28,7
XM1260017B2004_29,7
XM1260017B2004_3,7
XM1260017B2004_30,7
XM1260017B2004_31,7
XM1260017B2004_32,7
XM1260017B2004_321,7
XM1260017B2004_322,7
XM1260017B2004_323,7
XM1260017B2004_33,7
XM1260017B2004_34,7
XM1260017B2004_35,7
XM1260017B2004_36,7
XM1260017B2004_37,7
XM1260017B2004_38,7
XM1260017B2004_39,7
XM1260017B2004_4,7
XM1260017B2004_40,7
XM1260017B2004_41,7
XM1260017B2004_42,7
XM1260017B2004_43,7
XM1260017B2004_44,7
XM1260017B2004_45,7
XM1260017B2004_46,7
XM1260017B2004_47,7
XM1260017B2004_48,7
XM1260017B2004_49,7
XM1260017B2004_5,7
XM1260017B2004_50,7
XM1260017B2004_51,7
XM1260017B2004_52,7
XM1260017B2004_53,7
XM1260017B2004_54,7
XM1260017B2004_55,7
XM1260017B2004_56,7
XM1260017B2004_57,7
XM1260017B2004_58,7
XM1260017B2004_59,7
XM1260017B2004_6,7
XM1260017B2004_60,7
XM1260017B2004_61,7
XM1260017B2004_62,7
XM1260017B2004_63,7
XM1260017B2004_64,7
XM1260017B2004_65,7
XM1260017B2004_66,7
XM1260017B2004_67,7
XM1260017B2004_68,7
XM1260017B2004_69,7
XM1260017B2004_7,7
XM1260017B2004_70,7
XM1260017B2004_71,7
XM1260017B2004_72,7
XM1260017B2004_73,7
XM1260017B2004_74,7
XM1260017B2004_75,7
XM1260017B2004_76,7
XM1260017B2004_77,7
XM1260017B2004_78,7
XM1260017B2004_79,7
XM1260017B2004_8,7
XM1260017B2004_80,7
XM1260017B2004_81,7
XM1260017B2004_82,7
XM1260017B2004_83,7
XM1260017B2004_84,7
XM1260017B2004_85,7
XM1260017B2004_86,7
XM1260017B2004_87,7
XM1260017B2004_88,7
XM1260017B2004_89,7
XM1260017B2004_9,7
XM1260017B2004_90,7
XM1260017B2004_91,7
XM1260017B2004_92,7
XM1260017B2004_93,7
XM1260017B2004_94,7
XM1260017B2004_95,7
XM1260017B2004_96,7
XM1260017B2004_97,7
XM1260017B2004_98,7
XM1260017B2004_99,7
